model_name,status,accuracy,precision_macro,recall_macro,f1_macro,inference_time_ms_per_image,fps,model_size_mb,best_weights_path
mobilenet_v3_small,ok,0.8962962962962963,0.9066015052241944,0.9000000000000001,0.9027118970917711,1.1902135961196,840.1853274574034,5.922900199890137,runs/classification_benchmark_v2/mobilenet_v3_small/best.pt
resnet18,ok,0.8740740740740741,0.8745882818228634,0.8785714285714286,0.8760390719916001,2.4872106664321003,402.05681549062285,42.711567878723145,runs/classification_benchmark_v2/resnet18/best.pt
efficientnet_b0,ok,0.9259259259259259,0.930170656737305,0.9300595238095238,0.9295317326524924,5.258518106797163,190.1676441329354,15.573164939880371,runs/classification_benchmark_v2/efficientnet_b0/best.pt
