model_name,weights_path,weights_size_mb,epochs_completed,run_status,box_precision,box_recall,box_map50,box_map50_95,mask_precision,mask_recall,mask_map50,mask_map50_95,inference_time_ms_per_image,fps
yolov8n-seg,/home/andrei/project/strawberry_rover_ws/runs/segment_benchmark/yolov8n_seg_benchmark/weights/best.pt,6.483518600463867,150,completed,0.9278289067253798,0.8765430789822738,0.9421151649629957,0.8608050006871675,0.9296357857851667,0.8777050421934403,0.9460355954995209,0.8187955409784194,34.2951135635376,29.15867294468432
yolov8s-seg,/home/andrei/project/strawberry_rover_ws/runs/segment_benchmark/yolov8s_seg_benchmark/weights/best.pt,22.763547897338867,138,partial,0.9128518789596033,0.9108391608391608,0.9529074788035059,0.8789015545975479,0.9172641275646669,0.9047202797202797,0.9527401499929292,0.8363478742734525,52.00267028808594,19.22978174890194
yolov8m-seg,/home/andrei/project/strawberry_rover_ws/runs/segment_benchmark/yolov8m_seg_benchmark/weights/best.pt,156.45860958099365,66,partial,0.9129912060092998,0.9080560800546474,0.9468508632805784,0.865421986637949,0.9100290457986201,0.9106766117073162,0.9489415938113241,0.82358399584722,99.73434352874756,10.026636408468049
